"GEN","REP","Yield","DryMatter","Carotenoid","RootShapeScore","StorageScore"
"SP001",1,53.1103261858243,29.3516034978241,21.8813757119246,8.51259996076556,6.9623723068648
"SP001",2,-4.56204466651642,38.9339947617514,23.2411267489928,5.35333532324366,3.48786326888304
"SP002",1,50.1223066666299,29.0711594673447,2.51997316596977,3.2439134271275,4.96456170786551
"SP002",2,41.2847549715739,25.4028857464908,2.93296863486394,5.31164980358607,8.02176256657296
"SP003",1,28.6952755727844,31.3754908137769,5.20299760608665,2.06000015085131,8.04883388862094
"SP003",2,-8.53578257331007,40.797257033795,7.73275890511835,2.28008597452315,6.37187763381098
"SP004",1,11.2622041010756,20.1292466444231,21.8145971056161,3.48417592312505,3.34881609209962
"SP004",2,18.0394525728575,27.5765340972364,14.5660340868389,4.49950360678624,3.67081931251998
"SP005",1,39.1298142258624,34.3382748038838,-3.29659143867467,6.37116687671867,2.14185677939853
"SP005",2,37.8554962766274,28.3111597977651,-8.57298748854686,3.00172143163597,5.76168491180344
"SP006",1,42.8380114300826,27.4502565230973,2.50781922708015,2.96397238024296,1.91644519749915
"SP006",2,38.401575542626,36.1232384453204,2.99206999910381,5.22924824477018,2.08607814331147
"SP007",1,45.0990554324013,34.115780750085,15.726629949184,5.16105867098816,9.99811595600675
"SP007",2,37.4314281740836,30.9951798032315,7.8661626146433,8.8683502926546,8.50476297058702
"SP008",1,32.8814106187056,27.977215290313,29.1690220648509,10.4399587231604,3.05852867772891
"SP008",2,26.2740635375165,21.5094777686295,19.6715292711053,6.7172614707657,3.43163538006502
"SP009",1,20.6764373985249,27.7915275838304,3.86242779871113,3.35697831046983,4.66743466247501
"SP009",2,11.1543734331396,40.2002001184242,24.6652992601615,2.27012841493589,1.47193189513403
"SP010",1,40.4709681985957,29.675373834224,-3.55276817379933,6.9148025695331,3.8004680227146
"SP010",2,29.5628239081228,20.0981350856879,16.1870767619391,10.0840479661485,4.47840253238414
"SP011",1,26.2580975630981,37.453409447455,-11.2147200206773,4.35277247523209,3.90689819193508
"SP011",2,4.64865335964328,36.0866533022574,-2.06120430552605,6.62570588657709,5.05765982607397
"SP012",1,9.8969876949177,25.0611362640429,-4.60325489198621,2.53372244433505,8.21054731022115
"SP012",2,-6.87972537190655,30.8530392909734,6.86977367110037,6.24823625941767,3.96421472101096
"SP013",1,-8.4311537025036,25.2585398615889,21.1576981290504,1.4029344559793,7.16328849575802
"SP013",2,34.606624233087,26.8404249418923,21.0656289038623,1.07578856728695,6.96393256245394
"SP014",1,62.4873906296944,29.5177411795549,-15.9534067965761,2.12232084839854,4.40481268597457
"SP014",2,53.8452456394839,34.2390833433943,11.9686892501772,8.96514867186816,5.05764238557357
"SP015",1,3.49459188483603,30.0238638927632,23.5417783112996,4.79788510084288,3.03080121012143
"SP015",2,36.3207686742556,27.0810259117922,17.7609230699591,5.89216979087562,2.35449479119895
"SP016",1,32.2231466626212,33.0313165484951,18.9674419413556,6.58110570093278,6.87330001368077
"SP016",2,21.4777059612558,30.0853538153573,9.61500854614711,3.5867746064983,4.10074739535677
"SP017",1,13.3409797050607,30.1370516507273,16.8650994859707,5.90782775029489,5.38843565531413
"SP017",2,-11.7788880806288,25.5010890194107,21.2552108534184,5.95692066645916,4.67916449365713
"SP018",1,43.7090930468072,30.2474094012942,18.8387385010803,3.2654498720649,6.29016271071482
"SP018",2,42.2133653309717,33.5286274665699,16.6534767091777,3.39751363598384,4.82881214617247
"SP019",1,14.8727680212554,24.979154230106,21.8549063759855,2.89365679185013,4.02253150049977
"SP019",2,6.73636068068757,27.9278343945873,8.27609820307262,4.53724497024617,7.05991413060368
"SP020",1,15.1635610138565,19.8508820818215,-1.69776585978694,7.41175382357212,5.16645620923888
"SP020",2,34.5406988308338,25.2101092675601,7.64961584377202,5.92341923798803,11.2996766369439
"SP021",1,35.2775326355323,23.2259571873083,19.2570026524406,3.42419542660212,5.86154096517429
"SP021",2,25.2243030779625,29.6167113610966,29.1667884851186,6.21553484374053,4.96928344632658
"SP022",1,34.1314000970136,32.4109641011027,9.69614666804304,10.8783817737204,1.99663727001434
"SP022",2,28.0153685482754,31.8684769130332,13.7076915064481,7.46139398777721,5.03037480167397
"SP023",1,30.8482954475932,33.8478365982937,21.6913271238151,3.18714496887145,6.05382507665523
"SP023",2,54.4566780081765,36.6206140985952,23.0464716899032,6.19899900224756,3.04344851843338
"SP024",1,19.0320773433642,19.94639719789,34.7654556375003,4.16095441443638,6.75784555675819
"SP024",2,27.0263099445754,21.8805201419957,21.5531211833208,6.98641714781948,2.75514208993394
"SP025",1,45.817413295376,38.3279500574254,14.1264219738925,1.02748068474687,7.25207140348415
"SP025",2,1.87781922979078,31.0045241318907,23.9516606092237,1.7889966921859,8.49728191151514
"SP026",1,51.8742297887312,21.7982914284902,7.07155569451301,7.80033599421697,4.79689335849963
"SP026",2,22.3883774741756,21.4599837257459,-4.06840308404275,9.41324087298654,6.60603483929783
"SP027",1,23.7822690168841,24.3700652443367,-0.4661806879463,6.98308720778736,1.31308127544372
"SP027",2,50.3725880916545,32.6687720187688,23.2435707094595,6.66083310642981,7.96178192091407
"SP028",1,30.8304388655191,17.0124301578071,33.9778228152637,2.57626695668749,6.54637187250808
"SP028",2,33.9760902430446,20.9957531091727,23.1481592361716,6.50890127331993,4.67631034732129
"SP029",1,27.4223551564237,29.7731893452621,15.169491918912,3.44786080024137,3.7748438406382
"SP029",2,46.3402898320304,18.3885351603467,11.5274077648633,6.30731475575022,6.90550404770396
"SP030",1,39.9135287812529,27.1728398778108,8.36150491357235,5.24612271949502,3.1141465114873
"SP030",2,42.285055479757,29.6043527399338,-3.09797766915803,10.2290445926212,5.55004936998317
"SP031",1,67.4561540757079,35.5975223610233,24.2585627161742,3.28339135566545,5.27339835919143
"SP031",2,33.770681669397,35.3552781366978,4.17463628651846,2.26547064755427,5.82220359909315
"SP032",1,60.2516489359681,28.2402925307155,14.1177523997431,6.84687560331844,6.89749404337101
"SP032",2,57.0899192217429,32.0934129212586,24.1530905964474,7.58561262534443,6.16499341986443
"SP033",1,18.09911267189,26.8609309942797,23.0206189782537,3.10450724822113,4.15793568134683
"SP033",2,36.8331370713406,34.8866209328701,9.36620405730011,4.40090480307348,4.30855632303168
"SP034",1,44.9100457448925,33.8491809484093,18.4068065157795,6.5315815685394,4.27170115837178
"SP034",2,17.4824635477252,25.9364931095111,13.6905589896274,4.20442805761139,3.49639306214589
"SP035",1,26.4714676690491,25.529967000101,20.5716823371152,6.83713646096605,4.4046033535092
"SP035",2,8.81018363352899,18.1635147024388,26.8201464137631,6.23785341000976,1.39904642104697
"SP036",1,22.6020822776555,33.7379070613428,13.164299443828,3.71001073838524,4.69189103922445
"SP036",2,26.7439546407463,25.9929207733302,24.5690799434832,5.02597159029776,6.79697255053448
"SP037",1,3.72109845877254,33.0494567879231,15.6451595304414,3.97216530394441,5.85935061547669
"SP037",2,17.5202170346035,38.9660195224934,0.0237712087025912,4.69479393417355,5.03450301327014
"SP038",1,15.8360827433901,20.6776119366017,10.2880770023563,3.17188712018629,3.90564762225832
"SP038",2,29.8094160737245,37.5715927195673,5.78253391900938,2.99314039550977,4.60833622408987
"SP039",1,8.95946820399663,39.7318373658874,11.6846227046504,5.36077318451338,6.69586843673761
"SP039",2,14.2458749144662,28.9707968936528,11.2199995732458,6.54623656896106,4.15744133779306
"SP040",1,27.4830596292823,33.9254178010575,-1.99752107119509,10.4174843065293,6.38737728582727
"SP040",2,42.701378777788,32.760877019875,-8.41667596893885,5.79627080585257,4.39153365840965
"SP041",1,34.6375408139438,32.1944900645345,2.94110172727393,7.44077621343998,5.40402173162045
"SP041",2,37.4197480614643,29.4232074663497,5.478559844751,5.52073804964997,5.21182456202861
"SP042",1,6.27406473519903,43.4996766562342,41.0287599930129,3.2536705602244,7.63825481099336
"SP042",2,9.16546704176639,36.2334447058926,-1.54703958384232,1.30364305938918,4.74939536393013
"SP043",1,26.5979384381344,24.9530447201602,24.439862807941,6.41975977528201,4.55944264581564
"SP043",2,19.1068197404909,35.6297193829386,2.19067464589599,4.06392838866486,4.95093372120878
"SP044",1,23.4392101838342,42.9336332741061,14.4797292977,5.22060966998838,6.90923556531869
"SP044",2,31.1909017688685,29.5658526103392,8.60589326713774,3.48881301258115,4.75008761843718
"SP045",1,39.7188827538682,28.5491552888793,3.35818242118917,4.78134344236713,6.42838271801578
"SP045",2,43.2461208913671,32.8479154015619,14.2181274140934,3.45849912892386,5.05301815561011
"SP046",1,51.4171164624731,35.1141062954997,11.7778356131107,3.98478448375232,6.97129698802211
"SP046",2,24.6682837498638,26.4057011377701,7.96396101349603,1.06260022020702,5.76956778329763
"SP047",1,16.6718044390382,27.7751227655528,5.26805154623357,8.05717014522476,4.36535313758131
"SP047",2,22.1168121978449,25.112207211445,6.63853480497955,2.96776995588454,3.8708679685842
"SP048",1,27.3644275081262,23.0319138536501,17.6334336581435,3.62096227787056,7.86116491275806
"SP048",2,18.0891167463243,37.7384867783749,35.4684193619915,3.76725902564637,4.53867927763648
"SP049",1,17.1437771015897,28.3507050535491,-7.20435590417048,5.76111908059638,3.27156675975575
"SP049",2,32.3517502124556,27.1070450206817,-0.695100364203651,7.06581725786068,3.79935025736869
"SP050",1,48.497773319092,33.3295110730123,-0.850786014616002,7.83090033868135,3.37868170219146
"SP050",2,13.022622806842,28.2160878952995,-3.23005732435966,5.93658021880221,4.9645111390578
"SP051",1,5.14326202765218,24.7758876756984,12.2514886133214,7.33679160001226,8.82476551244782
"SP051",2,23.8036288679418,27.1262314357663,17.7665971463288,7.29958247721638,5.78722724133975
"SP052",1,15.7504948784672,25.9842024244705,5.0812230336132,4.83542012321619,7.67672208832553
"SP052",2,-3.45758224048959,33.0429792563902,18.2357519109051,1.75961035563258,6.42946552832542
"SP053",1,9.31903620129138,41.3373856979818,12.3567705165706,4.56392825441835,2.98685164986626
"SP053",2,-3.43306713060546,27.4519153125702,15.0933305703194,7.18205445218037,2.89386803267179
"SP054",1,22.0869346509975,29.8778550575367,1.21667945496655,5.69735058616918,6.53537953731739
"SP054",2,28.3293659814753,21.3232576190086,21.969638747474,6.8311153395419,5.49963333818556
"SP055",1,35.4411354630146,35.5686437156679,-3.7701897123353,1.67594370279676,9.41096883232723
"SP055",2,75.7073965735418,33.916332030616,-4.02927590720776,3.30908574965512,7.91001812893425
"SP056",1,11.1752039759149,39.0247950174238,19.7552301110847,8.50740640696454,7.25150028868496
"SP056",2,26.2728534752153,27.7446841092506,25.2110913273732,4.44725516029259,5.31196041919172
"SP057",1,27.9750995077566,27.4283752426094,17.37590784532,1.19528307223839,6.31930361019903
"SP057",2,44.3770125946253,34.1997375864237,7.35789258172278,5.27866021323296,1.83255436514501
"SP058",1,38.0773528789332,34.062431273427,24.5088091509349,-0.529556828526385,1.62050131484114
"SP058",2,40.2783472211003,28.0010953910182,15.7110272909402,4.86517210483314,3.77292388288519
"SP059",1,41.1963554569229,28.7714514991206,0.597192160538693,4.09493931926282,3.03386351263286
"SP059",2,39.5305835026211,28.2606297636634,3.451052178,9.84873512615813,5.69506234616903
"SP060",1,13.5108892274235,39.4830316818906,23.0097672587604,2.18512819648184,-1.33023812738852
"SP060",2,51.7985507731444,34.2948781111238,13.2685078486093,-0.224944611974008,6.39045917414709
"SP061",1,16.2426527935297,26.7006852336407,10.3313139304669,7.98290930343689,5.20356086331112
"SP061",2,37.8262798615296,33.260816879563,2.28190048833195,5.53090694917115,3.34786239670329
"SP062",1,36.2923456589038,30.163120209871,-4.30822831213683,4.26195043443688,5.39057677317067
"SP062",2,34.426525232544,17.4006590039361,17.6243781400154,9.6633553852437,4.69883127298905
"SP063",1,37.2572654847634,22.5641116780066,23.6528703544176,6.71459199431835,6.2372846449555
"SP063",2,56.5339103937983,25.654209108034,9.7754389788628,4.50433307435779,5.85876122182623
"SP064",1,31.3346085267683,32.2102824875291,8.75747907779921,6.17087319611372,5.19297079447451
"SP064",2,14.8192543196241,24.4967571021063,6.53272447046555,5.77027008567827,3.96300282354187
"SP065",1,27.3748508816144,30.5640898365123,11.2946239836432,5.10987508921393,6.90638178759308
"SP065",2,14.4041889194041,29.5999597458112,-1.95700108472703,5.5913108706808,8.46680594107607
"SP066",1,57.8958127447818,35.3046162649878,27.9728038208525,10.594251455799,6.59678056341852
"SP066",2,25.3791153763558,27.4568221669265,4.20844989418877,9.23418494072154,6.43986429325127
"SP067",1,25.4818583966307,42.2604435078819,3.06567530675576,2.93368784226735,9.18540928849777
"SP067",2,38.2711240453585,36.5624900488571,16.4376068881261,6.28567245828017,5.45721241372147
"SP068",1,50.7684062376722,38.365299695347,18.0411023011686,4.45344058957134,5.32782265022806
"SP068",2,37.0067935278282,35.0951827980102,6.13085768328242,5.13794389092008,6.01710108801825
"SP069",1,37.7530269130105,24.7832511099886,-7.64213084192052,8.12404896321067,4.95467522611976
"SP069",2,41.3868684522159,25.3964821694582,15.6578161609189,-1.48813188095661,7.32083717949301
"SP070",1,16.4424102762897,29.1161383246249,16.7692953230604,4.72890334053408,5.78468439004946
"SP070",2,34.2771901261017,37.3712834934475,6.95207005301301,2.96767924887233,6.9009364219532
"SP071",1,33.7833917040774,35.1115287027725,22.6554333212772,2.86106369784021,7.14536047616504
"SP071",2,29.1689864337868,30.8511644936379,12.9404330297756,2.93721436208411,8.82359146138366
"SP072",1,-15.1982442531577,28.413198939953,3.69816106112239,6.07326313135214,2.15330267122841
"SP072",2,4.03550892171511,31.8062734036869,18.1391839750059,7.37722674662925,0.871326744918194
"SP073",1,20.4305634378919,23.3931580343008,22.5737172779657,7.39673064189661,4.13194015224097
"SP073",2,14.3343459990331,26.5769171313286,15.6499575220722,3.39625298824148,3.91280579929957
"SP074",1,13.0136499781466,25.6488885001782,-0.563073391104792,4.34076646718393,1.91209173774871
"SP074",2,26.1683377919968,31.5193367889291,0.654147054218633,0.110479428999961,3.70767616850164
"SP075",1,32.4987793212427,31.4537595878742,5.71763900364868,4.86160416103021,4.3570204270604
"SP075",2,28.5685106525824,27.9423009595125,9.57984318523655,3.88103905860197,2.50990944137061
"SP076",1,5.67024139327646,25.0420109476428,26.8362307268558,-0.220929495800993,6.12352540630708
"SP076",2,3.73670967526308,22.3393170201478,34.888047072028,4.56616416886698,-0.14726644779887
"SP077",1,27.2658670640536,39.0196710760177,13.5303510676608,5.12468924862397,3.87425556093664
"SP077",2,7.96226281305944,30.1205169387153,-0.801643615889306,5.51070666227964,3.65769202616845
"SP078",1,10.739360245401,35.6361909331793,15.6264314457943,4.91535645119553,3.86398604548268
"SP078",2,30.0249039595248,39.2439131423534,6.0165019606857,5.08773495629585,4.74786792198079
"SP079",1,26.5727219949407,37.3823169464326,1.97191914692346,6.76845816624059,1.41476902405754
"SP079",2,7.18191779359097,29.3921660957692,11.3123490409069,7.35759798511545,3.06150908819486
"SP080",1,58.3157474407778,34.1969199901918,13.3053582110427,4.68153084782782,4.51718084738772
"SP080",2,38.25832953518,40.6752241425042,1.98769300521191,0.831401600732438,4.74384078504908
"SP081",1,25.2378012934545,36.3445389579616,25.6407856681825,0.216777706386582,3.66354015214951
"SP081",2,43.0553605799885,36.826483355828,8.75882927794483,7.2250679912207,3.58153299223607
"SP082",1,13.6456831754621,25.5119239015223,21.6247122815228,4.8636007807251,6.11850640759427
"SP082",2,15.646852941489,32.192243320281,8.1604440798963,4.80330021874031,4.90321849557438
"SP083",1,18.735210353365,24.0513969102113,9.28680646653704,4.02609531489301,7.31016603225653
"SP083",2,23.8358626653319,22.8445244017543,19.288822267804,0.779730799190633,0.923588138771878
"SP084",1,28.8990816339345,18.1592163370287,15.7407243617877,1.71097555997599,3.53248209973188
"SP084",2,37.6398090607858,33.8481956276523,-6.84086528060281,4.99269667816492,6.29267051353344
"SP085",1,77.3619799764007,30.9092646582643,5.57221506279476,2.97187915222173,2.77896099691556
"SP085",2,40.5763688521004,43.3772438315513,3.0778916485406,7.47027215876104,7.37200707648849
"SP086",1,46.6737475511801,34.1110983863527,1.16230245252482,2.74232038132675,2.43925382730201
"SP086",2,16.3117464640302,24.4976336504733,9.63378635186323,1.54061428589492,2.99796987714757
"SP087",1,13.0383102787364,30.5619777642371,3.77015266394492,6.28303106642659,2.49885191164095
"SP087",2,-3.31594387577641,30.5865558184679,8.60224513219928,5.96546874062098,2.33214054622811
"SP088",1,48.9642855652563,39.0437599825177,16.4578000558408,0.252545811352308,3.72724216546736
"SP088",2,60.6221089787422,25.7977978437582,12.3233635521932,4.76265841097812,5.54172672884232
"SP089",1,50.3908705691108,23.7932366980829,18.1643519116267,4.3709749124215,4.37309039425846
"SP089",2,34.1849245040935,22.1766086440481,18.2070121702917,2.90283496873868,1.35283535891975
"SP090",1,37.622767024488,22.2672242792618,-4.79418464936745,3.59077454810246,4.43503759764568
"SP090",2,43.505533007572,24.4780850624456,18.5501770702336,5.17145240366969,6.19400883269601
"SP091",1,28.7650616621221,44.8816855582747,14.8088024594406,4.91887812885748,8.57009317289026
"SP091",2,37.8507349322979,32.3040654525309,10.5157693775951,4.0498704924499,8.59328204593028
"SP092",1,11.9427815760154,18.8810180710496,12.410191236255,8.09441309687431,4.91190356106364
"SP092",2,0.612731365652035,27.0926792784539,9.39499627968546,8.20092692338282,4.08309748938397
"SP093",1,36.7106448309979,41.4008639896821,0.38888181529123,5.80787644510806,1.76762135188127
"SP093",2,37.291284324098,32.6386803806498,5.94919532638399,2.6505739811871,5.77538154132152
"SP094",1,-16.77427248091,29.7904541162751,5.62463473917407,5.90330653294055,6.97846879135824
"SP094",2,19.3719418421207,34.7863077246807,-1.88573774183077,7.89874616253928,8.25249715751917
"SP095",1,29.6056941388639,36.4898383917017,33.5634718238918,6.93039268852569,6.86794680295846
"SP095",2,41.001380208656,31.3269048232324,5.8209778487082,3.71767610138635,6.35835149565529
"SP096",1,40.0614473794433,26.1294590518341,7.80313416686366,3.44097483496898,1.70382625167006
"SP096",2,21.8474115979112,20.4874373870367,26.1437772211507,4.93045347735573,5.62398542130165
"SP097",1,24.9238171004578,31.4874514202984,6.14028185923654,2.87394735909157,6.54073893587056
"SP097",2,9.13695258135706,38.2081953149843,18.6451157979138,4.7398821076469,4.89420274527225
"SP098",1,59.4273246948222,36.3992408576102,7.94418567913022,4.82374484708616,4.04899097777127
"SP098",2,17.9837914085436,29.1614441261332,4.48559662590192,3.56714190541962,5.91988429474598
"SP099",1,48.2912915466221,33.5980286841782,-0.442300382808272,2.01059165903953,4.82881218423607
"SP099",2,41.1870313995445,29.6485859245797,-3.49765068739803,4.47307188579066,6.05404281690628
"SP100",1,27.8431754872214,34.0803562640195,7.53332440728858,7.95241777583758,6.58885002265623
"SP100",2,23.8763356829424,33.5887499843173,18.1687260499393,5.01587997565647,5.64495212820029
"SP101",1,20.2054974219541,32.7016164253517,19.2661007913559,2.4377659646382,4.98817252908139
"SP101",2,3.21694332701427,25.8796023903187,13.8280112834119,8.27242703895647,3.25787946546205
"SP102",1,8.29602135803112,34.050255460348,21.7715771358433,3.46109735016432,6.4049180948555
"SP102",2,21.8573099949294,38.9925232525667,4.16852000080323,2.1934544885068,8.92887954306001
"SP103",1,28.5007237620152,34.6432948090609,29.3522217341755,2.75020033036656,7.18555520338272
"SP103",2,5.8249758090922,22.2870491755067,9.70802107738776,2.75672306723653,2.72938345467018
"SP104",1,47.5287519859532,33.6367347859251,29.076882131302,2.77018547207688,4.21677203494818
"SP104",2,-2.2810275641674,45.6301975978611,37.4865419140472,-0.128721144667619,2.20638624316806
"SP105",1,26.831810023413,25.6425066544991,8.02457890243327,5.9559008736359,3.19922931432565
"SP105",2,3.1231602343198,28.7847433727561,1.10095631140838,4.60425204679943,5.76308175520637
"SP106",1,-1.29102460975014,29.1624369590671,0.169781414598411,3.10004710419643,2.61838208601333
"SP106",2,29.6031249901732,27.5217658673278,1.57037557944964,8.87156357846197,0.8195911635669
"SP107",1,52.4356313712202,29.0402644908251,8.90305352659023,-1.18390738815304,6.33247451217776
"SP107",2,25.0397132304524,17.5809853496382,7.08058242685841,13.4292388165308,7.39891126920271
"SP108",1,25.4018577678839,28.6707223053491,16.3277775917575,1.63304880673405,5.38040145323399
"SP108",2,10.2375746122418,26.0084778871165,10.8409449359978,2.13764422664102,6.12949192161548
"SP109",1,15.5417360113293,32.2446604777629,6.63051919347163,3.50743074280208,5.56158445686104
"SP109",2,-1.38401503830157,34.4948012779807,20.8314819912921,6.78646859151895,7.65725327942854
"SP110",1,-16.0894068945663,34.5273122409625,30.2410831678698,5.36561225855787,4.50747876408919
"SP110",2,14.2874115791578,29.2972919410355,24.8518860404108,6.57376266762772,7.55532764554466
"SP111",1,19.713431724554,28.8506002694717,28.6279263501028,6.52561788345289,4.7458475870598
"SP111",2,12.4972535346997,30.1851949972465,28.7483487504826,2.35353809952166,4.26353472813804
"SP112",1,45.1970564052003,20.2759126704077,7.63718747502777,8.38991831291242,5.44181027842734
"SP112",2,47.1905574128399,27.1586891554695,-0.284432589139914,5.08993099557834,3.22359930446335
"SP113",1,27.2304900577689,30.8862830432142,10.9707061068309,0.408912791170691,2.09696998300514
"SP113",2,19.0169933855785,19.1549374497125,11.817023529781,-1.2469541733353,4.73877776299365
"SP114",1,24.8839498348267,30.4109027167975,17.8869664384936,5.99746274106763,3.83877826903389
"SP114",2,19.7075745526171,38.9653449051288,15.7294872390852,7.85438536885976,3.76499841162885
"SP115",1,22.0293949277857,28.0506214476572,25.6749982271535,10.5112737082444,6.05714953724077
"SP115",2,12.8794122392425,36.6926950234393,24.3355414516274,8.26386768818694,3.27832206450969
"SP116",1,33.4749025728464,17.9252352821184,19.3767506325794,3.12998712963808,4.80387049692195
"SP116",2,29.292787331888,30.0564815205321,13.2785458241696,5.78753712399291,3.60511742000234
"SP117",1,21.1204410194177,42.3447927598106,10.1105199912271,9.0522884494335,2.99274986814978
"SP117",2,11.9221266442942,35.4677484782019,7.1911482841519,4.10484202852363,3.91530849856032
"SP118",1,21.7358362632518,24.6924198323442,36.8405519334404,6.85688325483601,5.70332096640205
"SP118",2,48.5126792120508,27.7065622659864,0.328018305545664,8.13441102061789,6.44585760653457
"SP119",1,32.4251434008661,25.2669758068878,-2.5565152628683,11.8236942337337,4.04312938236254
"SP119",2,29.2822177843333,29.4805370966025,18.952395810921,11.712468625782,3.30984865725705
"SP120",1,20.2523824134658,18.6023211997591,22.7428004153615,3.12946252689982,2.4470802731208
"SP120",2,27.4036071338632,24.9616319708508,27.6777917926598,1.7694616479025,2.59582624753809
"SP121",1,49.7694592983062,37.0897632931828,0.0922970354580688,2.42020146353946,1.57507314766131
"SP121",2,24.9179569825742,31.7720580343702,-6.55185839128843,6.92759504783519,5.38480857904646
"SP122",1,42.6868983908207,31.5774279470048,15.7020165614897,1.10578659371734,7.4179275703445
"SP122",2,30.3620676240569,35.0185308640077,2.52680577033001,2.63412750303303,4.64716474299404
"SP123",1,40.881626409024,23.9293280981551,8.53265235890947,8.0936215719722,2.6436558977061
"SP123",2,29.3426381502143,23.1863138722839,9.20693461486148,5.76041466627222,5.9261457117665
"SP124",1,12.2616398230107,26.7174538407297,9.30647303194892,6.17102177798556,1.92017405978501
"SP124",2,13.1484611610275,32.1878466903539,16.8659110945253,6.05450352010095,7.06353431832842
"SP125",1,54.0822651712596,26.5083758451423,8.49649289506561,2.13860647069441,3.54876455110072
"SP125",2,25.6973224999002,22.9330194297523,17.855221999716,2.25705788025077,5.94286016572375
"SP126",1,17.7468613056946,33.859316099964,0.883250213318568,1.80039735064637,2.45221001619305
"SP126",2,23.4598124978362,29.8570377395323,10.8294288492788,7.60005523641612,4.91960574263196
"SP127",1,13.2987429067859,26.3089842841108,16.882397917491,2.6990139360359,3.4230972385884
"SP127",2,30.167866539555,32.016037503767,26.9328289692999,5.93329465854443,5.06393073269922
"SP128",1,11.2696912365372,35.5355294439788,2.59162559242619,5.82487789827394,4.83952072113516
"SP128",2,17.1501248365882,28.5618767572735,-7.1497371015231,2.69312257442803,4.06258255348293
"SP129",1,45.783890031419,41.4929106121823,7.36967790732934,6.33990244559132,7.73590861716655
"SP129",2,54.3863842125559,32.217470944923,0.95929808452116,6.72846302144871,5.74645413376303
"SP130",1,35.8268669553047,39.075113719419,9.78807662617097,6.33146651669241,5.28260298714079
"SP130",2,42.3817611474047,35.0621992797458,11.9303399267221,5.69825128794552,4.71618900603011
"SP131",1,28.031674926134,20.8291894498684,19.5844913878273,5.26343862663481,2.39984489071049
"SP131",2,33.2325294555699,24.3088285749501,-2.01697428617433,4.69793985355268,2.50208654756606
"SP132",1,29.6875995611037,34.2416161593072,14.6682335155698,3.0021663439379,6.55882747391363
"SP132",2,35.0119042491316,28.5086134751036,17.5278086207134,5.90696746399598,8.93051092297185
"SP133",1,31.5803891095082,24.7916724066092,5.30899332884503,6.96646183808875,2.48637810520401
"SP133",2,30.2556168945535,27.9933708889078,10.1522836875931,7.16576526669146,1.97104771765
"SP134",1,6.12421588652359,38.4157748570054,2.88520364666308,5.68446798265187,6.6029225402259
"SP134",2,10.6184977751604,31.4203597966691,21.5742522098924,1.93694764220307,5.49834896434773
"SP135",1,21.6239898318458,27.4126487074455,3.51133973543776,5.0141943250164,4.45992167264003
"SP135",2,11.5645432683405,32.7953935339437,-1.38096910105526,6.66553732473399,5.70100812710494
"SP136",1,25.6846754012227,23.9149644798251,-4.15193892156099,1.73208073098861,3.10992264848411
"SP136",2,45.9448507178604,38.7274818361273,9.07180570677523,4.08773318509344,6.54187638529494
"SP137",1,39.2719463012258,38.2478296836461,14.360484764077,3.04806016103966,5.08162976030546
"SP137",2,42.3279440098218,33.2777427026253,2.80111167967787,1.81133731469774,6.82565801323861
"SP138",1,36.7253555910386,36.869123722293,15.0376416615858,5.32757559125505,4.49484150779199
"SP138",2,55.0006454568543,31.413458514352,19.7659904474191,8.63212398955212,2.10759115417464
"SP139",1,59.4431196095039,37.6147720364124,5.69018758524636,4.53512677620689,3.97193436423256
"SP139",2,36.7325293394614,44.0633478339757,22.8468397115266,5.78090691335514,5.30891633984934
"SP140",1,39.7294061411608,30.0299542040783,23.8636786404341,-0.0962963693498784,7.8710349808924
"SP140",2,27.537403437068,29.5019743544695,33.3245375386546,0.394800241519674,5.69734444077963
"SP141",1,46.5683033146769,37.985484828157,5.68060580472696,5.96723042016699,8.38394082494423
"SP141",2,12.2201567453632,31.8074473754193,10.7831641414575,8.76984065865603,7.32550154072459
"SP142",1,34.9864610881985,24.7973988355395,15.1099210558525,3.73609202016318,5.65743385241681
"SP142",2,42.9464655479985,35.4232931170635,24.2494376506589,5.90949267257035,4.51598546099495
"SP143",1,37.839596127368,27.3873733378313,0.246249049115898,7.22659561886109,5.29201824488364
"SP143",2,14.6444991574547,33.6810990116606,16.5849257924437,9.11379079231362,5.2080344824576
"SP144",1,48.6782811906984,30.5339770264732,32.1723155339628,7.00680079224238,4.58443102349145
"SP144",2,53.9121002871482,23.1868826579865,26.3328768936092,6.63319725976242,5.98770407708708
"SP145",1,33.0619803792592,21.8063329865231,20.4136328392785,1.40793631735294,3.03043658574829
"SP145",2,30.4179785277117,34.4555497294256,-0.996901120691781,5.06232774820894,-1.00814047115911
"SP146",1,58.269082224393,32.1688897631133,7.03616504890924,9.34945923336426,8.86363005548066
"SP146",2,19.6194239056265,22.4173885394606,9.9574318824654,5.18938399293272,3.95489977643429
"SP147",1,34.3083847408425,32.9946975241955,8.46166793611791,9.48530509644484,6.84860495460756
"SP147",2,54.8420550975445,30.4122011357177,-3.22413872355172,6.23174789626927,5.94168869912713
"SP148",1,30.5542339868578,21.2976592659338,5.64567826986303,3.5111380661228,4.96392101411723
"SP148",2,20.4110217039439,26.7928792764927,19.0616511876417,7.59356304270409,4.62432421726611
"SP149",1,31.6042403057905,26.7906471510669,22.03270369552,4.12042827802729,5.24337029254928
"SP149",2,7.78171934383535,28.6519240701243,20.2148212600266,9.09465361563526,7.29828199297252
"SP150",1,24.1324802432261,28.0825709525424,-11.3432624274588,10.3036694281632,-0.429480802700207
"SP150",2,37.2559672136668,36.5571014081611,5.54245577946032,3.54095460784534,5.08603725423181
"SP151",1,47.446694682095,22.4875317985774,24.6588512395061,2.69453962567188,2.63524892804056
"SP151",2,52.9181898058785,29.7351893515847,18.3585170654313,4.2525814171574,4.80274503382163
"SP152",1,54.5407604111061,34.0583916126581,2.21805871481886,6.60833529813883,4.35036093906411
"SP152",2,51.8775376977098,35.2149049989291,8.57544580305578,7.80962287711653,6.02979604827953
"SP153",1,33.3889182824205,24.7350896548247,6.2359528710727,1.69875199971984,2.27231461948742
"SP153",2,56.85101619712,25.7936092165162,9.86153782667143,6.96265532729751,2.72896360093771
"SP154",1,20.2733286205316,17.7879976836222,8.6515883656524,1.96224966348241,11.1997129627986
"SP154",2,17.1634875686405,31.0302823696836,15.5871226148876,7.52395261039704,7.70380810096868
"SP155",1,46.0711197589172,36.4989805346763,19.4700087440493,8.0586697819312,2.97656176935743
"SP155",2,40.6970316564668,23.9028596895136,17.8115423246676,7.30212177700499,2.01948450530617
"SP156",1,30.0099292360032,28.1319729521298,13.0718705845361,4.21276780019092,3.6145858377312
"SP156",2,50.5479096096901,20.592086721827,8.04035419602077,4.45674738868176,2.95501217313232
"SP157",1,31.1002329349183,18.3154501270549,23.9768367589658,7.34448865353847,5.98427455548741
"SP157",2,33.528503384185,30.1732920012733,-5.89234662830135,3.72177716508996,5.82559529533293
"SP158",1,-0.290672520443316,25.8363406519311,7.79932334875328,5.42872129545167,5.17444820023141
"SP158",2,0.0407211852336715,27.3012527065105,3.38758401464512,3.46324223810175,5.39019213373115
"SP159",1,24.6058295446412,33.8177837506136,7.27937940711846,6.82981382329417,6.36606367216383
"SP159",2,27.4306645064989,41.2168325284294,12.5317846268398,4.63841768479421,7.48169100358972
"SP160",1,31.1230982556995,32.0125639111551,27.4971999579527,5.21863891473049,4.64213176962381
"SP160",2,35.0647473838123,32.334175502171,7.99546254725136,1.49892454967978,6.27742015543519
"SP161",1,12.5827992689708,31.5106207356622,8.89159732713143,4.30818644711381,6.04779297380673
"SP161",2,22.9765451607521,31.9240760027227,15.2528127333389,0.806271035036305,5.62717351086013
"SP162",1,47.5704361478182,31.9598792745787,9.66599480267751,4.08027688583283,3.9850249084497
"SP162",2,15.3743577252758,30.0366352783884,14.6071907225887,4.69079449800635,6.09183751002177
"SP163",1,42.5796524802489,30.9246938811048,21.8229212515868,2.4824994461328,4.18776438173405
"SP163",2,19.4443102249944,26.4578900794189,-1.8312360105908,2.88796885961647,3.6258468122427
"SP164",1,26.8503921159669,29.7902512728593,28.9025915534656,6.44253303175124,4.00829251477994
"SP164",2,30.7272846112998,33.591424344243,26.4547722265793,6.51666024674801,2.27594801341111
"SP165",1,59.3688824214672,23.1106077840375,-8.12422013172641,7.49897881383719,4.74237303740656
"SP165",2,14.9302688606816,25.1995975353632,25.5660855834273,9.19884196169396,7.40032877547551
"SP166",1,28.3774904729135,33.2115787180503,9.87308747398156,3.72773742946426,6.97268148796739
"SP166",2,27.5078207084366,30.7879381091213,23.2183213538492,7.22570959995838,4.70274261955825
"SP167",1,36.8340391536231,30.2313482393368,8.52581452804959,7.70412814834837,6.94210982501926
"SP167",2,15.1476266338471,23.5417185398952,8.21178942450333,4.84905305254066,7.12387757833973
"SP168",1,29.8665758633659,27.8651366150859,18.2029067582929,9.00279022980754,2.53349514710311
"SP168",2,31.7767080092521,21.9856348606985,-0.00904182215149874,8.21571725546608,4.70718559903969
"SP169",1,12.4437108631363,29.4766483922376,9.70855987063,4.22603513699534,7.22378889288253
"SP169",2,21.3281836842826,30.3410713400079,22.0369086954652,6.46976666501348,6.0670324549485
"SP170",1,5.72534918523444,30.0870810141096,-8.02707762577612,2.94206466969295,3.93333879154006
"SP170",2,14.1487168411377,17.7647177155949,24.1586473526338,4.07782443559313,5.09119098370741
"SP171",1,42.1041066347462,29.5974187643486,24.8280027462806,5.93418742035259,6.88322918939582
"SP171",2,36.6284805190765,32.001437942942,31.8727040337711,4.56244202093615,9.46466577986556
"SP172",1,25.7686684444287,41.263583777467,27.4792574195858,5.05332107219519,8.15030215744946
"SP172",2,21.2376399958905,27.0242718919122,3.03197832755455,7.79274053531886,7.47554707706458
"SP173",1,52.7297369164755,24.8772160703772,11.2267187686143,5.66942646680919,4.08975836032559
"SP173",2,21.4426840832108,24.6764303005238,18.338666766813,5.94012227911308,3.83939211393733
"SP174",1,48.7055123444085,28.5645265993863,4.91161999724346,3.05575983963245,6.95266575308921
"SP174",2,43.2300677205847,27.6313887914914,15.5000773437135,3.72963072547331,4.47373628366677
"SP175",1,5.02679958439268,24.0232450405697,17.8590827207429,6.67222864541764,4.05018602654705
"SP175",2,29.9499531435125,20.4123073515303,23.3548892046959,5.3586640787213,4.88695242657058
"SP176",1,27.3403958998452,28.783566354772,22.2545555967948,7.76111209164501,5.69767464695718
"SP176",2,11.5473360122158,29.3594684651354,3.22439483649963,2.54248209500901,4.93066145524377
"SP177",1,37.8113740527028,32.9288765436942,31.7483054579833,7.662090750998,4.54221073806427
"SP177",2,18.5155473298097,26.9131167697335,-0.665263223873007,4.13533825059236,6.29556075709346
"SP178",1,31.7257070939809,26.3467530225905,-10.0813676117602,5.19044640828079,7.00928675689156
"SP178",2,58.5061551238192,19.7741620120288,-0.7417431087828,2.57772459487571,5.0906809876
"SP179",1,42.6020518112668,33.7145160752224,-1.42196084213162,11.7171714939686,6.18083219771578
"SP179",2,49.0675263984379,27.5739054204239,22.8659020373541,8.87859813945698,6.10180627813608
"SP180",1,20.7715371692554,26.9621858847486,9.49441423499337,3.23213306006581,6.88119730805223
"SP180",2,55.6995335996012,30.1288840233491,-6.84666098181867,-1.04920801001878,8.13450643668874
"SP181",1,55.8901626371322,29.5622376882047,34.8469214799212,-0.945409781639256,2.35075692530833
"SP181",2,32.9678064113109,32.9623823198664,22.8802316160206,8.3990445434727,3.93070436496364
"SP182",1,27.2049925157942,28.1385935498668,14.9237250932272,1.90704402272848,2.15300964359559
"SP182",2,17.3517960584665,24.3578734274825,10.2579146318476,7.66363065866421,7.09494224890468
"SP183",1,46.547218571558,35.0280900708147,5.0546225973939,3.46951988842212,5.43474314286824
"SP183",2,32.2720373686546,36.9847176959613,12.0114318811437,6.75363669586342,8.61697439928481
"SP184",1,38.7773351907633,24.6578763492425,16.208876429617,5.58484184156546,2.50330142411537
"SP184",2,33.2005831987563,29.1988901531124,20.6028209361385,4.61414100245206,3.99747271572455
"SP185",1,24.2695258367642,32.3408158767979,2.63237359093908,8.43970545101629,3.67554981241274
"SP185",2,37.9337249956391,20.8762180520746,12.5859905779757,10.861936943288,4.27273271092697
"SP186",1,28.0021975543135,18.8183648123339,3.09744528992082,5.96993198186483,2.60380308489339
"SP186",2,16.402851595419,30.2850027929958,1.48671871694365,5.41664057747074,8.01665097330628
"SP187",1,52.1919609667971,20.5671432978879,9.84006063557255,2.157119433992,2.40628065410604
"SP187",2,43.7505441113736,32.3790140109387,12.7457203980594,2.68849781313237,6.7686029863407
"SP188",1,22.0145798492399,27.3916595456408,1.60115642348932,5.21523965227417,4.90469356770996
"SP188",2,21.5600836748189,28.7813654862273,1.15460847972797,3.79624228645582,7.84701869825903
"SP189",1,23.461081083157,36.8399475032181,-4.49288672679158,5.09356212112079,7.87946237849992
"SP189",2,17.3512711559316,31.897070684995,-5.28391709796973,3.33709804555018,10.9685544643719
"SP190",1,12.268740446171,42.1925333759645,17.9458697663626,4.80626397539812,4.78763515116759
"SP190",2,21.4234458291576,24.0296499865798,4.76708503135477,3.10178472235964,4.60803771563118
"SP191",1,48.8424712476197,31.7871479216175,-2.85529837354575,5.43231081990684,8.21154987667745
"SP191",2,32.9355510811976,26.543360363888,6.96635821370014,5.2940385063163,5.09141852477926
"SP192",1,23.1663410723218,27.6802211561737,-2.68545199725085,5.05879993148081,8.30632784634835
"SP192",2,14.9512770736814,24.5101053474386,-8.3056677759177,3.86965349878275,8.65706579272828
"SP193",1,46.1683448019887,29.8823692887558,17.0286064200092,6.72730146145121,4.62763261137347
"SP193",2,24.1009786733812,34.8084232422543,3.74964486533158,4.96627229288601,4.87552654363189
"SP194",1,38.5066307480956,27.8955685127853,14.859920165046,4.84108281680476,4.49978818775038
"SP194",2,33.9893153575046,38.2917499129424,10.0388808375896,9.98005882748654,3.86693399323009
"SP195",1,19.5289955473638,24.0751296714889,5.84313460661203,7.50801597127297,4.08282970156253
"SP195",2,25.2718439744299,18.9289381269932,9.70687804478737,4.19196632412402,4.24004335331284
"SP196",1,18.4016262342519,29.35811543904,5.62619626131033,6.36186327346979,5.76814013499339
"SP196",2,9.5779544903872,32.1757174492443,30.4624475637201,6.95297357543979,9.99885115110853
"SP197",1,6.20420007678102,24.7240910146424,16.3351641341474,3.96506201405583,10.9718084172613
"SP197",2,17.5524504421745,33.8057338786635,22.7262021991821,6.8172946372967,4.33169762959489
"SP198",1,30.2622152498969,35.4817966682721,28.8033361344317,0.729103120873647,3.82000049166297
"SP198",2,-10.8675528093562,29.9305027566453,18.4227189611752,2.35366963575096,5.30497161961021
"SP199",1,47.6720992172473,32.4360862967143,16.965929424038,4.84073506692914,4.45176765276951
"SP199",2,-17.3833861416417,33.0041058096102,28.9315130395315,7.92128664796865,3.16254273202634
"SP200",1,20.2019740383376,36.8027875422932,24.3427705543758,6.17124466597793,5.00176095401218
"SP200",2,20.6424418384321,33.1118113716603,12.533706966555,6.79354622665269,3.12776518521533
"SP201",1,38.1321497974029,37.5507728924634,14.8615713168802,-0.849746099457161,5.69442880844463
"SP201",2,20.1603075116757,27.7890101778486,7.04183446674657,3.39281692280256,6.40146239124039
"SP202",1,-8.77323664478422,27.9054787613968,29.2106261220679,6.62434894818487,6.05100564113374
"SP202",2,-20.550238795357,30.6466771327627,2.8989433750164,5.49209529715306,6.81756898880151
"SP203",1,23.5273096205646,34.1507592751055,23.8322058782008,4.62601032404809,3.66266448667219
"SP203",2,31.2225319836903,28.2126977757827,5.03192980605558,2.70379512899272,5.04856390426473
"SP204",1,19.6610313222034,29.7113195855383,25.928469719167,4.33440706073289,6.16080343787271
"SP204",2,29.6401673281802,28.369162624561,5.75537001238588,5.91909448089665,4.99515439436742
"SP205",1,39.5416328516644,31.6564122321123,7.06532182485901,5.68065328807209,3.27431280634718
"SP205",2,1.49396636468048,28.3688875333204,2.93909020276858,6.39609432930626,3.210389239917
"SP206",1,-0.046718555872296,28.2917819729322,-2.36096311339651,6.51257414885864,4.42314173670896
"SP206",2,30.6602596580613,25.3638700493861,5.40143017668436,4.3928242670382,1.29363487608143
"SP207",1,46.1064701099748,26.9019923015241,5.98649083317523,5.60675332362553,4.41120974276409
"SP207",2,49.5484638321136,30.0642298067895,4.19244905421835,4.56899655606577,4.1410972589855
"SP208",1,12.2294999492805,28.503936121948,31.997272773262,4.88420934035282,7.03590945507541
"SP208",2,27.2026293721369,28.3358335789778,11.3330653632542,10.3698424235427,6.59041561854355
"SP209",1,32.4979882136942,28.6719969403715,19.2719569075919,4.32900005388798,5.72394140051061
"SP209",2,57.5997920975489,31.3621974989915,18.0180280944753,2.22584778019415,0.786419838235457
"SP210",1,20.7294968674264,32.2848897250123,17.3122508369194,7.34153648429223,1.72021242274203
"SP210",2,13.6180895916288,33.2902825457692,18.4215050531278,8.20196221170459,5.31835634517253
"SP211",1,45.3821373624094,35.7338144260562,14.0607386282502,5.79469729853908,7.74381086631686
"SP211",2,43.4728253284524,31.0605564899991,17.1890382433004,2.80513886815774,2.62756232538592
"SP212",1,33.0790477512749,28.1476769340503,14.8348535591777,5.47927093287799,5.27774630336328
"SP212",2,29.8077070287784,34.0537478421888,-8.12252716401153,1.18899122625651,6.20649718570887
"SP213",1,32.6519831838978,26.3256080627868,10.07207426289,7.67708970233803,4.09929934229369
"SP213",2,-4.91943777249307,38.6504125146931,16.5319718698404,4.85353164185533,2.68465044511557
"SP214",1,23.270660637425,33.3654295129889,19.4887497302754,3.14738799449741,7.80809812444602
"SP214",2,35.4012403753263,33.0949001014838,3.59200911071158,5.48843474161375,7.89438892544507
"SP215",1,32.3468578534158,21.4765132073675,7.48464556978159,3.15265838374505,2.53570535111935
"SP215",2,54.706035075321,27.5941014983913,26.2681583350413,3.70830110193483,4.47030711322967
"SP216",1,32.4334390445346,25.26735494356,17.8076486174471,6.63001376249138,1.72690493586994
"SP216",2,36.8509088158022,34.9122896531249,-1.22805981207646,8.65445285590555,4.58506691805216
"SP217",1,5.3223453433466,26.7428027799592,8.90695672271014,5.92432375870206,3.52798773538303
"SP217",2,-3.64980149035404,34.2293243228622,26.5747584327502,5.61459268452317,6.47322354512014
"SP218",1,34.4147098736188,32.6709853756077,20.7874371102635,5.95055616405072,5.3398318375501
"SP218",2,56.6570120177778,31.3940002853551,11.565245538452,5.06516710920325,5.30209343341625
"SP219",1,30.4299269271837,36.9137016761201,12.5381730312935,3.45541444985086,4.42816512314897
"SP219",2,25.3837041110689,26.2391484828567,15.6927761212678,4.04212802280151,4.0758201452055
"SP220",1,18.7139588344467,36.7333384987733,0.440593445152937,3.32117038297713,4.36290286534212
"SP220",2,19.8949479675308,23.178273437533,15.5850911653168,3.93253594901184,6.98465922930195
"SP221",1,57.5260458694965,42.7234614091206,10.2462359678368,6.91487006133699,6.60275590336536
"SP221",2,55.8659701962368,35.3005157934756,12.3008014193036,9.13023882782596,3.60562870849466
"SP222",1,51.7206676366609,31.4109149146185,18.3668091530851,3.88070987647339,4.06399903786681
"SP222",2,18.1258637820045,30.4698207215027,21.2183264019272,2.58878538684602,4.77338143713078
"SP223",1,33.1935620993399,27.8945399192035,8.56353597465972,2.8751231658946,4.69617177254282
"SP223",2,31.8967148052764,25.4538866097488,17.8572301101194,4.35123458094682,1.7937772602066
"SP224",1,43.8110167338525,24.3897795085082,11.3441782562227,6.10292385189758,7.24727496455684
"SP224",2,6.85922674276487,33.7045075264252,25.112285472569,3.2210935603076,4.63931832413515
"SP225",1,32.6305664986915,36.7537059848269,13.5325311976317,1.6715400904954,3.36352734908275
"SP225",2,54.3923019653887,28.1504732364065,13.5588895658508,1.85173243640289,4.60105732138774
"SP226",1,-15.9142130773211,26.7394786746171,23.086670093065,8.6711273085448,7.54371964122907
"SP226",2,18.6021237075288,30.9745572875486,47.3057296435075,4.97666806342417,10.4156868695292
"SP227",1,14.5532391377372,33.3651576215846,20.8304435328587,6.97602508203564,4.88504545104217
"SP227",2,2.1537362405697,29.3800254367888,17.9667858566699,6.64877486491362,6.03430927612693
"SP228",1,61.8103863911984,33.7746964996816,8.50954908630281,5.3091357740367,2.23311796828961
"SP228",2,33.2244922922416,28.5962727073316,24.8692859226992,7.69741296084858,1.83935353812298
"SP229",1,41.9858114577901,23.2194611948156,-1.10613329591581,7.16618573207798,4.96849010626507
"SP229",2,29.7640237333352,29.4429439112869,17.8577500811616,1.23789648638605,5.56127661647061
"SP230",1,30.90642269213,33.0072975719961,-1.79788049723033,2.30591031573065,3.70225079268406
"SP230",2,24.4298093331747,21.0488152221162,-12.992933137011,4.05856414070227,4.33635981662656
"SP231",1,33.5031981740907,22.1226318698431,14.7022685442355,4.10191329913567,4.44278725367624
"SP231",2,20.5512849474616,25.8384108205802,8.04779345863314,-0.853100795260712,7.07822026604704
"SP232",1,25.7307361304482,37.3329966203176,15.2343434237212,8.93167463340895,3.90171883952488
"SP232",2,11.8652410630401,34.164641775355,11.0575549485654,2.54196314580004,6.47210083062804
"SP233",1,9.9856782528286,30.4235020549199,43.001075999505,6.3464227532086,5.50250433778158
"SP233",2,5.13414004533303,28.725562530247,16.2331278138324,2.95583644926085,7.7447892377374
"SP234",1,52.3485541026797,32.262890990838,-13.8148952922358,6.90092340264086,7.502585772938
"SP234",2,11.2121726078361,30.2430018357607,13.5995469292711,3.40600954006044,3.84760237554082
"SP235",1,35.2395575470314,31.662047175009,4.49270425273424,3.89441568278577,5.6824507958832
"SP235",2,45.9027271450994,25.8647903487876,11.371379490286,3.67191534411349,3.83029083441077
"SP236",1,16.3238416913176,20.157198621517,-11.567120565136,0.856233108145871,4.8514749082606
"SP236",2,43.1761407556798,23.7431221945144,-0.0816776914517003,4.65352724051393,3.17968982346507
"SP237",1,9.79880673068826,34.7547806487032,20.1428201147303,5.56461540461345,2.93004903425947
"SP237",2,31.6376947047031,26.4687629640258,14.1661896195929,0.966406101970971,1.00148631924406
"SP238",1,40.8792829638399,35.9993942675283,10.3003194911631,5.57994896298994,3.76623131190678
"SP238",2,29.6724966607713,39.6719426834977,31.9620699165909,4.84998202729089,3.84305724870833
"SP239",1,27.878486763047,35.2994196244393,8.09880093095177,10.4719276378971,5.08004857869446
"SP239",2,34.7916699737255,37.396714578113,16.3806369229674,8.00220031955229,5.85802102319386
"SP240",1,22.2598830713003,24.2387091214407,7.67765007240008,4.21005814108811,3.98755363806692
"SP240",2,49.7583730152124,28.7332093452368,1.59194944516878,5.38909183788979,0.97712664613043
"SP241",1,42.5555504440511,36.4809728175091,15.3379209998388,8.3947970763014,5.76880070327027
"SP241",2,35.9186794608975,27.3831895778254,23.513248980391,5.95757887657939,3.83323691490181
"SP242",1,29.1326186267893,25.8513771634739,4.21471984782687,5.53602301396742,3.38321049818785
"SP242",2,5.14075647192747,31.5456330208861,25.7101977296325,4.31330856832231,1.47653853715079
"SP243",1,38.9347485655359,21.8169787030142,-11.9693130099835,8.02819431580526,7.18646648054393
"SP243",2,34.8795365445994,27.8378727830403,-1.67200152432973,8.18498046868526,6.46567476035763
"SP244",1,27.313914321159,22.6497396009587,-16.41875170536,6.42211362169074,5.25555358822386
"SP244",2,30.9787344750758,24.5809367627456,-6.50898980302834,0.260365041166105,2.20901448141323
"SP245",1,33.2821745680474,33.3671031939387,19.3416307633763,8.74659937606658,2.8360085498681
"SP245",2,49.1962410442644,29.6632944371905,8.04162615536425,5.02453790724578,1.02567210692692
"SP246",1,30.659806653395,27.3849869183897,18.3146831713397,6.14000808509246,5.35148400987242
"SP246",2,26.1738911048906,23.998235228302,-10.4523931329587,5.72870244025441,2.74653021959443
"SP247",1,27.9110536225742,22.6636775710459,0.36389063968171,4.74095483474707,1.74406412539284
"SP247",2,27.354750499447,29.867101722445,8.56681605378904,6.85090282096296,5.28844809668384
"SP248",1,28.7088940241106,38.782405796235,10.1503454218665,6.85319689204459,6.92328102014955
"SP248",2,24.9725355277751,38.3003218789478,9.26267488786485,6.86323643079631,3.8266155939512
"SP249",1,28.3960192204149,19.4931300836244,19.6183971892297,5.74515393598102,5.00976915496591
"SP249",2,19.1627168054077,20.3347715986912,24.530503968891,5.13383295115557,5.87934965806859
"SP250",1,10.0446944190129,31.2807164067047,7.90218864345447,4.33537282433012,7.2558065289652
"SP250",2,9.71005494365707,35.746882319516,21.81530833223,3.28886168478632,4.63672789285433
"SP251",1,39.0496881330224,35.0927390433333,24.3765900170274,2.13589628835348,8.54108092632879
"SP251",2,43.4851646392192,29.9360566631835,9.99261986006646,5.02341740906449,6.37714065067344
"SP252",1,34.5011422820484,28.25986335882,4.95568714973777,3.64593959659884,3.92677718676268
"SP252",2,34.8701973075166,35.7171573955358,17.1061829713564,1.02439628712606,5.11864267695422
"SP253",1,24.2363008057031,30.3297046815602,9.43967849435714,0.399448031017847,4.86285524886611
"SP253",2,21.895828815531,30.1638198081001,-0.373643455529416,4.06060769142889,6.15819674612042
"SP254",1,66.4567525109899,18.3997767244685,14.2383020513412,7.23324703855031,5.86581415781144
"SP254",2,32.6859987600138,32.4881550287927,23.1480417733136,3.22282198525022,3.48704341688682
"SP255",1,23.0450108021401,37.3139843306682,13.6300428765902,6.56264511415571,1.8258557761304
"SP255",2,11.5589122418739,26.3224902403232,3.31397853263905,9.28751379280188,2.5378904501727
"SP256",1,6.30729576081884,23.8925175037743,2.64947792687013,1.59714297943943,2.95182427604253
"SP256",2,24.228730572194,30.6374053413908,28.5479502623553,1.94676655183412,4.69172658281784
"SP257",1,33.6798321265981,22.6841842446871,1.50645998760464,5.8453303069496,3.10825638841875
"SP257",2,12.1248241209036,21.0379580047537,5.03409338752232,5.47453213980845,3.19640817449219
"SP258",1,37.9364165949978,20.1209740590555,12.7841477293234,7.38425464701364,5.7997576896005
"SP258",2,34.349202300241,23.9290359721709,22.3916400335114,6.85559896699657,3.85191501784121
"SP259",1,27.0223785868125,17.0185028861125,22.6870005254837,4.4400533450616,1.29691545403275
"SP259",2,41.6715866077549,27.8920386232176,3.21595626794584,3.10037280580144,3.09426143082443
"SP260",1,47.3271905217242,31.2642513677497,21.4137923116032,0.727220649463929,4.72774920668832
"SP260",2,15.0563372566643,30.8869326150548,12.9139355554552,6.06198472321424,5.21700453721695
"SP261",1,44.5557425711262,31.3981972000747,21.4546098465464,6.04386195573145,8.45271045396873
"SP261",2,31.6286657051028,22.7930993806011,12.2825165244088,4.247161034195,5.74737113953201
"SP262",1,28.8707883751886,36.4195760287574,31.8249252637912,2.28775536540911,5.32697774958143
"SP262",2,50.5152378552863,19.4226939397658,3.50003403126297,6.7431669760777,4.6898219199819
"SP263",1,22.7593191222854,27.6985494764116,13.8434666254472,5.49423306555829,0.944027016330001
"SP263",2,6.0989755874399,25.6362933316863,-3.57505926196497,3.19186044538434,3.69497555816603
"SP264",1,49.4691472728474,28.6405992536011,11.5575078919274,7.43619951848954,7.4165321592561
"SP264",2,22.1761099622448,29.6852849191954,13.0499493585461,3.04445002878738,3.855220101236
"SP265",1,25.7909026740825,27.8564870775664,1.27729704891778,3.91588950344249,7.07246305564343
"SP265",2,31.1766441059519,31.1132565966012,1.7213301872644,5.6380392992309,5.25563134417705
"SP266",1,59.7151850491949,24.4133899972685,18.2464199365776,6.15229090488989,3.97496765726728
"SP266",2,27.4463715648635,27.4102040343691,12.4643027203267,8.98491527358587,7.03711902110525
"SP267",1,57.0179211244166,21.317428100178,19.3400138517817,5.68712007130741,5.32395015407424
"SP267",2,36.4029567563726,30.8228461252069,14.2451022259268,3.36398965256809,2.36264505663112
"SP268",1,11.6138045925206,36.5591688381543,9.02392325015251,5.74199667728656,4.70156188196637
"SP268",2,19.5902976702592,41.0366865797955,11.4409091219043,7.26040653706516,6.01103620119073
"SP269",1,11.5577628522396,29.6978925570412,1.62111526357433,4.06292494850405,4.32560138161151
"SP269",2,46.6177428861988,27.4644795138723,11.7773461468973,4.39577980427951,4.58928350343882
"SP270",1,19.5743984712194,34.9458703915777,10.9098120247336,8.36861264029825,7.63004607502184
"SP270",2,19.1305408920095,38.7866552832623,5.70521330816997,5.70207408370592,4.11333112624005
"SP271",1,15.9693908179169,32.9427091808182,7.55162024498077,4.83758104421728,5.0813898396782
"SP271",2,16.4260888663884,31.8274200120929,10.019868024595,5.5667093939843,9.79980333945223
"SP272",1,-4.46581018666086,21.3443479642117,17.2006065365998,7.99318331024595,7.54482114182504
"SP272",2,34.7543670620246,29.3234214505036,19.7532057298464,4.44745345173383,6.75470968380391
"SP273",1,29.9638334090964,25.944612613883,18.7667281935375,2.51875166103241,3.86332370798254
"SP273",2,-2.0856203848777,20.656282461916,2.26628765715456,6.54751894674397,3.35577882544184
"SP274",1,45.3419184155714,20.6229986811023,4.86747409807365,9.33127468878877,4.86193653539834
"SP274",2,47.3750118330492,25.8435330572092,-11.4102218884241,5.66018420046213,4.19950398221084
"SP275",1,47.8320921820316,29.7410947336282,18.3342928843121,5.09870455140791,5.17485353999486
"SP275",2,42.1176713262712,33.5840203497695,5.72760086792088,7.95201767262036,7.0588418269871
"SP276",1,50.8812437952811,16.1058082167926,17.0694166606909,5.04797935394902,4.89229357754383
"SP276",2,45.2141265695561,24.0251975335501,14.906452601936,5.6248368124716,2.09938572037661
"SP277",1,35.7497446646983,20.627862400826,14.5213677250225,8.57020536549219,3.34829024051467
"SP277",2,35.8912232958934,30.532880820808,11.3014519424478,0.323064941818805,6.67369886149725
"SP278",1,-7.89223538676213,22.8239813489113,24.6483747785009,6.35224900269816,4.78832209090631
"SP278",2,31.4469078361473,21.7080636554349,4.89165606088966,3.85836231576159,5.99228085099668
"SP279",1,42.7640335014714,22.6623371664555,-1.64784967709512,6.42724296852061,5.26122497926672
"SP279",2,23.5613739576682,30.1841437315251,13.8262223732182,7.05557867081833,0.934326646764119
"SP280",1,39.1337472674868,33.7134362239418,21.8047265799802,2.22817003459346,7.28535493946991
"SP280",2,31.9774589088847,25.9899812762696,25.165109579729,4.69256694841667,5.4237432297321
"SP281",1,39.1090576934081,35.5456537977284,11.7994489005942,6.93964424741841,7.22772317484708
"SP281",2,45.9487389455994,27.1444955737435,22.8912651223714,4.89802045238532,6.57692388311119
"SP282",1,38.394881236739,29.7747360859373,5.09340194573466,4.26306133945892,7.15358842684388
"SP282",2,47.4077033921685,34.1352952581354,3.69264198689492,2.86512168528072,5.6936254664297
"SP283",1,67.358437963956,25.5688033284984,-0.0452488966646598,7.61614610830172,4.91925448277222
"SP283",2,76.1488504695646,29.3208910281267,12.3779740554783,4.16606865025891,4.29250511588801
"SP284",1,6.71946993378273,24.035223004052,3.3153362156905,3.39032266174088,5.86214043568583
"SP284",2,32.6248979689389,16.8429887925156,5.23487523510781,8.438358459141,7.22430467254968
"SP285",1,8.84497679628898,40.2768340882796,11.9577245470428,3.51358221566913,5.16792321893459
"SP285",2,30.0473709420797,38.7413328337834,6.01503112502223,5.39571945450964,2.90435702420313
"SP286",1,48.7748163299051,37.7850307253088,-11.2973246194341,5.67608850098306,1.25603959149006
"SP286",2,31.1510140742237,44.7906560866012,8.65404179463403,5.41438003732824,2.34344772288024
"SP287",1,28.7224681545656,34.1160295092137,8.18724874932462,7.86158637340397,8.06750472813872
"SP287",2,28.5074311826386,29.5158071391362,16.5237910689146,3.48297241268466,7.54686656360778
"SP288",1,42.0166886564484,31.1408824035968,12.4814678286609,9.27378124465428,7.7915866041121
"SP288",2,21.5344891082253,20.5312188198137,11.9279921348268,3.85410672681663,5.73408392349177
"SP289",1,38.9396427662017,31.2038832781412,20.2885615221113,3.71162289024851,3.64089429290609
"SP289",2,37.0843143356907,29.3971898616514,17.510488996261,6.60504651257658,4.05668102242431
"SP290",1,28.9261763755981,32.2735370202024,5.04515141339608,1.9615023606122,3.66373178083517
"SP290",2,24.0976414793434,22.8836421459579,-8.29709684321545,4.89893924097592,5.06721127717651
"SP291",1,8.10281020183636,38.5740629370715,20.2816522304779,4.60647775055496,7.03831747807223
"SP291",2,11.5045924139545,41.3638574530343,1.63456289798903,4.16605237881756,4.69127453388536
"SP292",1,30.3278559926567,38.3999421379891,12.4180197028485,-0.370768645374732,2.84716871228343
"SP292",2,22.6657816285294,32.3468768359973,7.17583587550054,4.68593229251397,3.59719890365538
"SP293",1,19.6069905323365,22.9666883832644,5.38700320091865,5.71862801932972,5.57127795418178
"SP293",2,25.9913686113448,30.8063212558922,22.993779621806,5.77058089856143,3.68189298672276
"SP294",1,23.8744322589223,22.362947753452,6.56687088721379,2.74906581536759,4.91988148190569
"SP294",2,41.5839671084335,27.8060526770104,-0.354204381050788,2.61671528573776,7.6767534919654
"SP295",1,54.1326454428666,24.7158898903676,13.3640655399564,4.84160787653965,2.38923316651723
"SP295",2,40.4437397455808,20.7374852664631,-3.20699382273949,6.08580867358936,3.97278855031783
"SP296",1,29.4017169026692,37.1921035112702,5.14763167348865,6.75270404314892,4.83093168361535
"SP296",2,31.0221179149506,32.3531527273992,3.58742480700326,7.11134545689421,3.08248506759818
"SP297",1,18.8754572212415,31.8086406180763,11.4057279371235,5.95929515391307,4.33171801743876
"SP297",2,31.646972410309,36.962245223843,16.1622023699774,2.57903407281443,5.63186350080717
"SP298",1,31.8534386667756,31.6001263814432,21.5236646656494,5.08350438593603,5.10265838067232
"SP298",2,36.4744055319393,26.4779169192388,2.48610610119174,2.5856067631088,6.55981353824358
"SP299",1,47.7358551262345,39.1611732331833,11.7225505019546,6.04820195645815,5.59632666228577
"SP299",2,61.5733107929539,29.2421501613115,22.8869942645763,7.23673853247476,9.65969498543146
"SP300",1,44.9995664023384,27.1002028840486,15.4733380181754,5.50331960824116,5.64024652983404
"SP300",2,73.7979780952682,18.7506617577951,6.73544548402436,6.57950431223246,5.28756329507277
"SP301",1,34.7808521459841,35.7182422196416,5.12066355193412,4.00695610674073,7.46210310895087
"SP301",2,46.8476698543967,31.8655109310864,13.8229601933276,7.22400171219435,5.42496386746959
"SP302",1,42.9087951346728,30.8816092320861,18.5264488523172,2.53633671002244,4.03884138950205
"SP302",2,37.382138734702,23.8621512454999,24.9591514020397,7.308984284815,3.01564964547857
"SP303",1,14.237395496091,46.4302873174358,24.1917233808205,4.4526847581195,6.55487883676239
"SP303",2,41.4731185165111,34.2054451743461,3.57554720905796,5.13054211315894,4.07488153729587
"SP304",1,12.13602326148,31.7595537258304,14.4168637302631,5.21126220907467,8.02086347059785
"SP304",2,16.7231482811004,35.957560363284,4.61741171935553,4.51772997460678,7.07021910472509
"SP305",1,4.29534846467072,31.7626856183735,4.11021479735618,4.26138217530898,8.32982023612261
"SP305",2,33.435717423245,39.167721346686,21.8042561890075,8.1411082168608,6.15422150485284
"SP306",1,31.6086844363347,29.5202531595055,6.50003195777254,5.33493013591826,0.820949427494509
"SP306",2,21.4689951265156,23.0813836666016,13.0532258652416,6.98879308256777,1.65334482683665
"SP307",1,20.6553572808716,28.287562537241,-2.65443753237665,5.06642346762088,4.62472904351808
"SP307",2,11.010466222698,33.5514417582025,-4.20961560374485,4.90003022271366,5.36073002181821
"SP308",1,40.6011896980572,28.6368650520354,-15.0307134653254,5.41572955532368,4.1758402604476
"SP308",2,40.3573876914819,38.3998503765897,10.9538592789541,6.86545459628469,4.5113276242809
"SP309",1,57.2812619196537,35.6277894529386,11.9420151300388,7.73776727527838,4.27289696444209
"SP309",2,44.9700322819755,30.505240534417,7.9212677855558,8.14293118051312,5.68726372451476
"SP310",1,-5.57759391033601,30.5564719385226,21.1375722772999,4.96917928612364,7.6410428121018
"SP310",2,25.8852920846684,25.7059205272888,19.7827492661741,5.36507879498783,5.52614049745834
"SP311",1,17.0903824144815,31.4666095973155,17.9743441409189,5.96096217599312,5.56929623459283
"SP311",2,20.2249764098377,21.9878048996435,9.3899813326081,8.02200641035907,4.35809271259306
"SP312",1,43.1004385176061,21.0229994391608,22.8279563985011,10.6678979127311,4.37823176648358
"SP312",2,25.5551495792327,24.8242868215394,12.8471732637424,4.79059546045542,2.6632742950136
"SP313",1,52.2367585490914,32.8484106007236,23.9399419625931,7.53838575084935,3.13405954391125
"SP313",2,42.3790581280757,23.1044715691265,11.3607885817561,7.50969067700954,4.29800120258768
"SP314",1,16.7665121964179,33.3578942823679,15.5611861440678,9.31596612000616,7.29412737174232
"SP314",2,50.9287372415653,27.3126260047511,1.29897596842475,6.50704949889378,1.67617903893835
"SP315",1,43.1255561799173,31.4325347825828,-4.53457846024309,2.02226768455657,3.53994054718874
"SP315",2,28.7897938369189,32.5262035827239,7.75044196145638,0.242655481485834,2.37698896198734
